-- Tabla usuario (25 pasajeros)
INSERT INTO usuario (nombre, nombre_usuario, email, password) VALUES ('Ana García', 'ana.garcia', 'ana.garcia@email.com', '$2a$10$hash1');
INSERT INTO usuario (nombre, nombre_usuario, email, password) VALUES ('Carlos Ruiz', 'carlos.ruiz', 'carlos.ruiz@email.com', '$2a$10$hash2');
INSERT INTO usuario (nombre, nombre_usuario, email, password) VALUES ('María López', 'maria.lopez', 'maria.lopez@email.com', '$2a$10$hash3');
INSERT INTO usuario (nombre, nombre_usuario, email, password) VALUES ('Diego Fernández', 'diego.fernandez', 'diego.fernandez@email.com', '$2a$10$hash4');
INSERT INTO usuario (nombre, nombre_usuario, email, password) VALUES ('Laura Sánchez', 'laura.sanchez', 'laura.sanchez@email.com', '$2a$10$hash5');
INSERT INTO usuario (nombre, nombre_usuario, email, password) VALUES ('Javier Martín', 'javier.martin', 'javier.martin@email.com', '$2a$10$hash6');
INSERT INTO usuario (nombre, nombre_usuario, email, password) VALUES ('Patricia Gómez', 'patricia.gomez', 'patricia.gomez@email.com', '$2a$10$hash7');
INSERT INTO usuario (nombre, nombre_usuario, email, password) VALUES ('Roberto Díaz', 'roberto.diaz', 'roberto.diaz@email.com', '$2a$10$hash8');
INSERT INTO usuario (nombre, nombre_usuario, email, password) VALUES ('Elena Torres', 'elena.torres', 'elena.torres@email.com', '$2a$10$hash9');
INSERT INTO usuario (nombre, nombre_usuario, email, password) VALUES ('Miguel Ramírez', 'miguel.ramirez', 'miguel.ramirez@email.com', '$2a$10$hash10');
INSERT INTO usuario (nombre, nombre_usuario, email, password) VALUES ('Isabel Castro', 'isabel.castro', 'isabel.castro@email.com', '$2a$10$hash11');
INSERT INTO usuario (nombre, nombre_usuario, email, password) VALUES ('Fernando Moreno', 'fernando.moreno', 'fernando.moreno@email.com', '$2a$10$hash12');
INSERT INTO usuario (nombre, nombre_usuario, email, password) VALUES ('Carmen Navarro', 'carmen.navarro', 'carmen.navarro@email.com', '$2a$10$hash13');
INSERT INTO usuario (nombre, nombre_usuario, email, password) VALUES ('Antonio Jiménez', 'antonio.jimenez', 'antonio.jimenez@email.com', '$2a$10$hash14');
INSERT INTO usuario (nombre, nombre_usuario, email, password) VALUES ('Lucía Romero', 'lucia.romero', 'lucia.romero@email.com', '$2a$10$hash15');
INSERT INTO usuario (nombre, nombre_usuario, email, password) VALUES ('Pedro Vargas', 'pedro.vargas', 'pedro.vargas@email.com', '$2a$10$hash16');
INSERT INTO usuario (nombre, nombre_usuario, email, password) VALUES ('Rosa Iglesias', 'rosa.iglesias', 'rosa.iglesias@email.com', '$2a$10$hash17');
INSERT INTO usuario (nombre, nombre_usuario, email, password) VALUES ('Manuel Gil', 'manuel.gil', 'manuel.gil@email.com', '$2a$10$hash18');
INSERT INTO usuario (nombre, nombre_usuario, email, password) VALUES ('Teresa Ortiz', 'teresa.ortiz', 'teresa.ortiz@email.com', '$2a$10$hash19');
INSERT INTO usuario (nombre, nombre_usuario, email, password) VALUES ('Ángel Serrano', 'angel.serrano', 'angel.serrano@email.com', '$2a$10$hash20');
INSERT INTO usuario (nombre, nombre_usuario, email, password) VALUES ('Cristina Molina', 'cristina.molina', 'cristina.molina@email.com', '$2a$10$hash21');
INSERT INTO usuario (nombre, nombre_usuario, email, password) VALUES ('Sergio Blanco', 'sergio.blanco', 'sergio.blanco@email.com', '$2a$10$hash22');
INSERT INTO usuario (nombre, nombre_usuario, email, password) VALUES ('Raquel Suárez', 'raquel.suarez', 'raquel.suarez@email.com', '$2a$10$hash23');
INSERT INTO usuario (nombre, nombre_usuario, email, password) VALUES ('Alberto Vega', 'alberto.vega', 'alberto.vega@email.com', '$2a$10$hash24');
INSERT INTO usuario (nombre, nombre_usuario, email, password) VALUES ('Beatriz Méndez', 'beatriz.mendez', 'beatriz.mendez@email.com', '$2a$10$hash25');

-- Tabla pasajero (referencias a IDs 1-25)
INSERT INTO pasajero (id) VALUES (1);
INSERT INTO pasajero (id) VALUES (2);
INSERT INTO pasajero (id) VALUES (3);
INSERT INTO pasajero (id) VALUES (4);
INSERT INTO pasajero (id) VALUES (5);
INSERT INTO pasajero (id) VALUES (6);
INSERT INTO pasajero (id) VALUES (7);
INSERT INTO pasajero (id) VALUES (8);
INSERT INTO pasajero (id) VALUES (9);
INSERT INTO pasajero (id) VALUES (10);
INSERT INTO pasajero (id) VALUES (11);
INSERT INTO pasajero (id) VALUES (12);
INSERT INTO pasajero (id) VALUES (13);
INSERT INTO pasajero (id) VALUES (14);
INSERT INTO pasajero (id) VALUES (15);
INSERT INTO pasajero (id) VALUES (16);
INSERT INTO pasajero (id) VALUES (17);
INSERT INTO pasajero (id) VALUES (18);
INSERT INTO pasajero (id) VALUES (19);
INSERT INTO pasajero (id) VALUES (20);
INSERT INTO pasajero (id) VALUES (21);
INSERT INTO pasajero (id) VALUES (22);
INSERT INTO pasajero (id) VALUES (23);
INSERT INTO pasajero (id) VALUES (24);
INSERT INTO pasajero (id) VALUES (25);

-- Tabla usuario (25 conductores)
INSERT INTO usuario (nombre, nombre_usuario, email, password) VALUES ('Francisco Castro', 'francisco.castro', 'francisco.castro@email.com', '$2a$10$hash26');
INSERT INTO usuario (nombre, nombre_usuario, email, password) VALUES ('Pilar Herrera', 'pilar.herrera', 'pilar.herrera@email.com', '$2a$10$hash27');
INSERT INTO usuario (nombre, nombre_usuario, email, password) VALUES ('José Álvarez', 'jose.alvarez', 'jose.alvarez@email.com', '$2a$10$hash28');
INSERT INTO usuario (nombre, nombre_usuario, email, password) VALUES ('Montserrat Fuentes', 'montserrat.fuentes', 'montserrat.fuentes@email.com', '$2a$10$hash29');
INSERT INTO usuario (nombre, nombre_usuario, email, password) VALUES ('Rubén Campos', 'ruben.campos', 'ruben.campos@email.com', '$2a$10$hash30');
INSERT INTO usuario (nombre, nombre_usuario, email, password) VALUES ('Silvia Ramos', 'silvia.ramos', 'silvia.ramos@email.com', '$2a$10$hash31');
INSERT INTO usuario (nombre, nombre_usuario, email, password) VALUES ('Enrique Cano', 'enrique.cano', 'enrique.cano@email.com', '$2a$10$hash32');
INSERT INTO usuario (nombre, nombre_usuario, email, password) VALUES ('Dolores Prieto', 'dolores.prieto', 'dolores.prieto@email.com', '$2a$10$hash33');
INSERT INTO usuario (nombre, nombre_usuario, email, password) VALUES ('Julio Pascual', 'julio.pascual', 'julio.pascual@email.com', '$2a$10$hash34');
INSERT INTO usuario (nombre, nombre_usuario, email, password) VALUES ('Amparo Santos', 'amparo.santos', 'amparo.santos@email.com', '$2a$10$hash35');
INSERT INTO usuario (nombre, nombre_usuario, email, password) VALUES ('Ramón Lorenzo', 'ramon.lorenzo', 'ramon.lorenzo@email.com', '$2a$10$hash36');
INSERT INTO usuario (nombre, nombre_usuario, email, password) VALUES ('Mercedes Benítez', 'mercedes.benitez', 'mercedes.benitez@email.com', '$2a$10$hash37');
INSERT INTO usuario (nombre, nombre_usuario, email, password) VALUES ('Salvador Hidalgo', 'salvador.hidalgo', 'salvador.hidalgo@email.com', '$2a$10$hash38');
INSERT INTO usuario (nombre, nombre_usuario, email, password) VALUES ('Consuelo León', 'consuelo.leon', 'consuelo.leon@email.com', '$2a$10$hash39');
INSERT INTO usuario (nombre, nombre_usuario, email, password) VALUES ('Tomás Marín', 'tomas.marin', 'tomas.marin@email.com', '$2a$10$hash40');
INSERT INTO usuario (nombre, nombre_usuario, email, password) VALUES ('Josefa Gallego', 'josefa.gallego', 'josefa.gallego@email.com', '$2a$10$hash41');
INSERT INTO usuario (nombre, nombre_usuario, email, password) VALUES ('Joaquín Vidal', 'joaquin.vidal', 'joaquin.vidal@email.com', '$2a$10$hash42');
INSERT INTO usuario (nombre, nombre_usuario, email, password) VALUES ('Encarnación Méndez', 'encarnacion.mendez', 'encarnacion.mendez@email.com', '$2a$10$hash43');
INSERT INTO usuario (nombre, nombre_usuario, email, password) VALUES ('Alfredo Cabrera', 'alfredo.cabrera', 'alfredo.cabrera@email.com', '$2a$10$hash44');
INSERT INTO usuario (nombre, nombre_usuario, email, password) VALUES ('Victoria Sanz', 'victoria.sanz', 'victoria.sanz@email.com', '$2a$10$hash45');
INSERT INTO usuario (nombre, nombre_usuario, email, password) VALUES ('Luis Domínguez', 'luis.dominguez', 'luis.dominguez@email.com', '$2a$10$hash46');
INSERT INTO usuario (nombre, nombre_usuario, email, password) VALUES ('Asunción Reyes', 'asuncion.reyes', 'asuncion.reyes@email.com', '$2a$10$hash47');
INSERT INTO usuario (nombre, nombre_usuario, email, password) VALUES ('Emilio Cruz', 'emilio.cruz', 'emilio.cruz@email.com', '$2a$10$hash48');
INSERT INTO usuario (nombre, nombre_usuario, email, password) VALUES ('Rosario Peña', 'rosario.pena', 'rosario.pena@email.com', '$2a$10$hash49');
INSERT INTO usuario (nombre, nombre_usuario, email, password) VALUES ('Andrés Rojas', 'andres.rojas', 'andres.rojas@email.com', '$2a$10$hash50');

-- Tabla conductor (referencias a IDs 26-50 con reputación)
INSERT INTO conductor (id, reputacion) VALUES (26, 4.5);
INSERT INTO conductor (id, reputacion) VALUES (27, 4.8);
INSERT INTO conductor (id, reputacion) VALUES (28, 4.2);
INSERT INTO conductor (id, reputacion) VALUES (29, 4.9);
INSERT INTO conductor (id, reputacion) VALUES (30, 4.3);
INSERT INTO conductor (id, reputacion) VALUES (31, 4.7);
INSERT INTO conductor (id, reputacion) VALUES (32, 4.6);
INSERT INTO conductor (id, reputacion) VALUES (33, 4.4);
INSERT INTO conductor (id, reputacion) VALUES (34, 4.8);
INSERT INTO conductor (id, reputacion) VALUES (35, 4.1);
INSERT INTO conductor (id, reputacion) VALUES (36, 4.5);
INSERT INTO conductor (id, reputacion) VALUES (37, 4.9);
INSERT INTO conductor (id, reputacion) VALUES (38, 4.3);
INSERT INTO conductor (id, reputacion) VALUES (39, 4.6);
INSERT INTO conductor (id, reputacion) VALUES (40, 4.7);
INSERT INTO conductor (id, reputacion) VALUES (41, 4.4);
INSERT INTO conductor (id, reputacion) VALUES (42, 4.8);
INSERT INTO conductor (id, reputacion) VALUES (43, 4.2);
INSERT INTO conductor (id, reputacion) VALUES (44, 4.5);
INSERT INTO conductor (id, reputacion) VALUES (45, 4.9);
INSERT INTO conductor (id, reputacion) VALUES (46, 4.6);
INSERT INTO conductor (id, reputacion) VALUES (47, 4.7);
INSERT INTO conductor (id, reputacion) VALUES (48, 4.5);
INSERT INTO conductor (id, reputacion) VALUES (49, 4.8);
INSERT INTO conductor (id, reputacion) VALUES (50, 4.4);

-- 20 conductores con 1 vehículo (conductores 26-45)
INSERT INTO vehiculo (id_conductor, marca, modelo, color, matricula) VALUES (26, 'Seat', 'Ibiza', 'Blanco', '1234ABC');
INSERT INTO vehiculo (id_conductor, marca, modelo, color, matricula) VALUES (27, 'Renault', 'Clio', 'Rojo', '2345BCD');
INSERT INTO vehiculo (id_conductor, marca, modelo, color, matricula) VALUES (28, 'Volkswagen', 'Golf', 'Negro', '3456CDE');
INSERT INTO vehiculo (id_conductor, marca, modelo, color, matricula) VALUES (29, 'Peugeot', '208', 'Azul', '4567DEF');
INSERT INTO vehiculo (id_conductor, marca, modelo, color, matricula) VALUES (30, 'Ford', 'Fiesta', 'Gris', '5678EFG');
INSERT INTO vehiculo (id_conductor, marca, modelo, color, matricula) VALUES (31, 'Opel', 'Corsa', 'Blanco', '6789FGH');
INSERT INTO vehiculo (id_conductor, marca, modelo, color, matricula) VALUES (32, 'Toyota', 'Yaris', 'Plata', '7890GHI');
INSERT INTO vehiculo (id_conductor, marca, modelo, color, matricula) VALUES (33, 'Citroën', 'C3', 'Verde', '8901HIJ');
INSERT INTO vehiculo (id_conductor, marca, modelo, color, matricula) VALUES (34, 'Nissan', 'Micra', 'Amarillo', '9012IJK');
INSERT INTO vehiculo (id_conductor, marca, modelo, color, matricula) VALUES (35, 'Hyundai', 'i20', 'Negro', '0123JKL');
INSERT INTO vehiculo (id_conductor, marca, modelo, color, matricula) VALUES (36, 'Mazda', '3', 'Rojo', '1234KLM');
INSERT INTO vehiculo (id_conductor, marca, modelo, color, matricula) VALUES (37, 'Kia', 'Rio', 'Blanco', '2345LMN');
INSERT INTO vehiculo (id_conductor, marca, modelo, color, matricula) VALUES (38, 'Honda', 'Civic', 'Azul', '3456MNO');
INSERT INTO vehiculo (id_conductor, marca, modelo, color, matricula) VALUES (39, 'Fiat', '500', 'Beige', '4567NOP');
INSERT INTO vehiculo (id_conductor, marca, modelo, color, matricula) VALUES (40, 'Seat', 'León', 'Gris', '5678OPQ');
INSERT INTO vehiculo (id_conductor, marca, modelo, color, matricula) VALUES (41, 'Volkswagen', 'Polo', 'Negro', '6789PQR');
INSERT INTO vehiculo (id_conductor, marca, modelo, color, matricula) VALUES (42, 'Renault', 'Mégane', 'Blanco', '7890QRS');
INSERT INTO vehiculo (id_conductor, marca, modelo, color, matricula) VALUES (43, 'Peugeot', '308', 'Plata', '8901RST');
INSERT INTO vehiculo (id_conductor, marca, modelo, color, matricula) VALUES (44, 'Audi', 'A3', 'Negro', '9012STU');
INSERT INTO vehiculo (id_conductor, marca, modelo, color, matricula) VALUES (45, 'BMW', 'Serie 1', 'Azul', '0123TUV');

-- 5 conductores con 2 vehículos (conductores 46-50) = 10 vehículos
INSERT INTO vehiculo (id_conductor, marca, modelo, color, matricula) VALUES (46, 'Mercedes', 'Clase A', 'Plata', '1234UVW');
INSERT INTO vehiculo (id_conductor, marca, modelo, color, matricula) VALUES (46, 'Seat', 'Arona', 'Rojo', '2345VWX');
INSERT INTO vehiculo (id_conductor, marca, modelo, color, matricula) VALUES (47, 'Toyota', 'Corolla', 'Blanco', '3456WXY');
INSERT INTO vehiculo (id_conductor, marca, modelo, color, matricula) VALUES (47, 'Nissan', 'Qashqai', 'Negro', '4567XYZ');
INSERT INTO vehiculo (id_conductor, marca, modelo, color, matricula) VALUES (48, 'Hyundai', 'Tucson', 'Gris', '5678YZA');
INSERT INTO vehiculo (id_conductor, marca, modelo, color, matricula) VALUES (48, 'Kia', 'Sportage', 'Azul', '6789ZAB');
INSERT INTO vehiculo (id_conductor, marca, modelo, color, matricula) VALUES (49, 'Volkswagen', 'Tiguan', 'Blanco', '7890ABC');
INSERT INTO vehiculo (id_conductor, marca, modelo, color, matricula) VALUES (49, 'Ford', 'Kuga', 'Verde', '8901BCD');
INSERT INTO vehiculo (id_conductor, marca, modelo, color, matricula) VALUES (50, 'Peugeot', '3008', 'Negro', '9012CDE');
INSERT INTO vehiculo (id_conductor, marca, modelo, color, matricula) VALUES (50, 'Renault', 'Captur', 'Naranja', '0123DEF');
